"Reference","Qty","Value","Footprint","Datasheet"
"C3,C6,C9,C10","4","100n","Capacitor_SMD:C_0805_2012Metric_Pad1.18x1.45mm_HandSolder","Kyocera AVX 08055C104KAZ2A"
"C4,C5,C11","3","1u","Capacitor_SMD:C_1206_3216Metric_Pad1.33x1.80mm_HandSolder","https://www.lcsc.com/datasheet/C1848.pdf?spm=wm.sxq.inf.ggs___wm.ddx.2.xqy&lcsc_vid=RVcIVFNeT1ZeAlJeTlALUl0DR1cKVAUDFFYKUgdWQlUxVlNeQFlXX1ZXQVlbVzsOAxUeFF5JWBEPFBcWGBMaSQgFBAJABAsLWA%3D%3D"
"C7,C12","2","10u","Capacitor_SMD:C_1206_3216Metric_Pad1.33x1.80mm_HandSolder","https://www.lcsc.com/datasheet/C89632.pdf?spm=wm.sxq.inf.ggs___wm.fly.bg.9.xh&lcsc_vid=R1dWBlIARlRWAwcARANWXwBSRAVWU1IFRAQPUQVQEgQxVlNeQFhbV1ZUQldfXzsOAxUeFF5JWBYZEEoKFBINSQcJGk4NBhADEA4cHktXR1FbSQwSGg0%3D"
"C8","1","22u","Capacitor_SMD:C_0805_2012Metric_Pad1.18x1.45mm_HandSolder","https://www.lcsc.com/datasheet/C296720.pdf?spm=wm.sxq.inf.ggs___wm.gwc.xh.11.cbm&lcsc_vid=RVcIVFNeT1ZeAlJeTlALUl0DR1cKVAUDFFYKUgdWQlUxVlNeQFheUFBfRVJbVTsOAxUeFF5JWBYZEEoKFBINSQcJGk4eFQsCAgIaSgADAwAHC0slQlZdUVZQQk8GEwkK"
"D5,D6,D9,D10","4","LED Green","LED_SMD:LED_0805_2012Metric_Pad1.15x1.40mm_HandSolder","https://www.lcsc.com/datasheet/C965815.pdf?spm=wm.sxq.inf.ggs___wm.gwc.xh.2.cbm&lcsc_vid=RVcIVFNeT1ZeAlJeTlALUl0DR1cKVAUDFFYKUgdWQlUxVlNeQFheUFBfRVJbVTsOAxUeFF5JWBYZEEoKFBINSQcJGk4eFQsCAgIaSgADAwAHC0slQlZdUVZQQk8GEwkK"
"D7,D11","2","LED Red","LED_SMD:LED_0805_2012Metric_Pad1.15x1.40mm_HandSolder","https://www.lcsc.com/datasheet/C965812.pdf?spm=wm.sxq.inf.ggs___wm.fly.bg.1.xh&lcsc_vid=R1dWBlIARlRWAwcARANWXwBSRAVWU1IFRAQPUQVQEgQxVlNeQFhbV1ZUQldfXzsOAxUeFF5JWBYZEEoKFBINSQcJGk4NBhADEA4cHktXR1FbSQwSGg0%3D"
"D8","1","FUXINSEMI SMF5.0CA","Diode_SMD:D_SOD-123","https://www.lcsc.com/datasheet/C908214.pdf"
"D12","1","MBR120LSFT1G","Diode_SMD:D_SOD-123F","https://www.lcsc.com/datasheet/C891416.pdf"
"F1","1","NSMD150/16","Fuse:Fuse_1206_3216Metric_Pad1.42x1.75mm_HandSolder","https://www.lcsc.com/datasheet/C5338320.pdf?spm=wm.sxq.inf.ggs___wm.fly.bg.2.xh&lcsc_vid=Q1RXV1xRRwNaU1JfRlhcX1YCQlELV1VRFlEPV1ZTRQUxVlNeT1FXVF1RTllaVzsOAxUeFF5JWBYZEEoKFBINSQcJGk4dAgUUFAk%3D"
"J1,J2","2","Conn_01x04_Socket","Connector_JST:JST_PH_B4B-PH-K_1x04_P2.00mm_Vertical","https://www.lcsc.com/datasheet/C131334.pdf?spm=wm.sxq.inf.ggs___wm.gwc.xh.23.cbm&lcsc_vid=RVcIVFNeT1ZeAlJeTlALUl0DR1cKVAUDFFYKUgdWQlUxVlNeQFheUFBfRVJbVTsOAxUeFF5JWBYZEEoKFBINSQcJGk4eFQsCAgIaSgADAwAHC0slQlZdUVZQQk8GEwkK"
"J5","1","USB_C_Receptacle_USB2.0_16P","Connector_USB:USB_C_Receptacle_GCT_USB4105-xx-A_16P_TopMnt_Horizontal","https://www.usb.org/sites/default/files/documents/usb_type-c.zip"
"J6","1","Conn_01x02_MountingPin","Connector_JST:JST_SH_BM02B-SRSS-TB_1x02-1MP_P1.00mm_Vertical","https://www.lcsc.com/datasheet/C160402.pdf?spm=wm.sxq.inf.ggs___wm.gwc.xh.22.cbm&lcsc_vid=RVcIVFNeT1ZeAlJeTlALUl0DR1cKVAUDFFYKUgdWQlUxVlNeQFheUFBfRVJbVTsOAxUeFF5JWBYZEEoKFBINSQcJGk4eFQsCAgIaSgADAwAHC0slQlZdUVZQQk8GEwkK"
"Q1","1","DMG2305UX","Package_TO_SOT_SMD:TSOT-23_HandSoldering","https://www.diodes.com/datasheet/download/DMG2305UX.pdf"
"R6,R7","2","33","Resistor_SMD:R_0805_2012Metric_Pad1.20x1.40mm_HandSolder","https://www.lcsc.com/datasheet/C2907258.pdf?spm=wm.sxq.inf.ggs___wm.fly.bg.5.xh&lcsc_vid=R1dWBlIARlRWAwcARANWXwBSRAVWU1IFRAQPUQVQEgQxVlNeQFhbV1ZUQldfXzsOAxUeFF5JWBYZEEoKFBINSQcJGk4NBhADEA4cHktXR1FbSQwSGg0%3D"
"R8","1","150","Resistor_SMD:R_0805_2012Metric_Pad1.20x1.40mm_HandSolder","https://www.lcsc.com/datasheet/C2933324.pdf?spm=wm.sxq.inf.ggs___wm.fly.bg.1.xh&lcsc_vid=R1dWBlIARlRWAwcARANWXwBSRAVWU1IFRAQPUQVQEgQxVlNeQFhbV1ZUQldfXzsOAxUeFF5JWBYZEEoKFBINSQcJGk4NBhADEA4cHktXR1FbSQwSGg0%3D"
"R9,R10","2","5.1k","Resistor_SMD:R_0805_2012Metric_Pad1.20x1.40mm_HandSolder","https://www.lcsc.com/datasheet/C27834.pdf?spm=wm.sxq.inf.ggs___wm.fly.bg.4.xh&lcsc_vid=R1dWBlIARlRWAwcARANWXwBSRAVWU1IFRAQPUQVQEgQxVlNeQFhaU11XQ1ZdVDsOAxUeFF5JWBYZEEoKFBINSQcJGk4NBhYS"
"R11,R12","2","22","Resistor_SMD:R_0805_2012Metric_Pad1.20x1.40mm_HandSolder","https://www.lcsc.com/datasheet/C2907244.pdf?spm=wm.sxq.inf.ggs___wm.gwc.xh.30.cbm&lcsc_vid=RVcIVFNeT1ZeAlJeTlALUl0DR1cKVAUDFFYKUgdWQlUxVlNeQFheUFBfRVJbVTsOAxUeFF5JWBYZEEoKFBINSQcJGk4eFQsCAgIaSgADAwAHC0slQlZdUVZQQk8GEwkK"
"R13,R14","2","220","Resistor_SMD:R_0805_2012Metric_Pad1.20x1.40mm_HandSolder","https://www.lcsc.com/datasheet/C114519.pdf?spm=wm.sxq.inf.ggs___wm.gwc.dh.14.cbm&lcsc_vid=RVcIVFNeT1ZeAlJeTlALUl0DR1cKVAUDFFYKUgdWQlUxVlNeQFheUFBfRVJbVTsOAxUeFF5JWBYZEEoKFBINSQcJGk4eFQsCAgIaSgADAwAHC0slQlZdUVZQQk8GEwkK"
"R15","1","330","Resistor_SMD:R_0805_2012Metric_Pad1.20x1.40mm_HandSolder","https://www.lcsc.com/datasheet/C17630.pdf?spm=wm.sxq.inf.ggs___wm.gwc.xh.36.cbm&lcsc_vid=RVcIVFNeT1ZeAlJeTlALUl0DR1cKVAUDFFYKUgdWQlUxVlNeQFheUFBfRVJbVTsOAxUeFF5JWBYZEEoKFBINSQcJGk4eFQsCAgIaSgADAwAHC0slQlZdUVZQQk8GEwkK"
"R16,R17,R18","3","10k","Resistor_SMD:R_0805_2012Metric_Pad1.20x1.40mm_HandSolder","https://www.lcsc.com/datasheet/C2907219.pdf?spm=wm.sxq.inf.ggs___wm.fly.bg.0.xh&lcsc_vid=R1dWBlIARlRWAwcARANWXwBSRAVWU1IFRAQPUQVQEgQxVlNeQFhaUFRSQFVeUDsOAxUeFF5JWBYZEEoKFBINSQcJGk4dAgUUFAk%3D"
"R19","1","0.4","Resistor_SMD:R_2512_6332Metric_Pad1.40x3.35mm_HandSolder","https://www.lcsc.com/datasheet/C2960851.pdf?spm=wm.sxq.inf.ggs___wm.fly.bg.0.xh&lcsc_vid=R1dWBlIARlRWAwcARANWXwBSRAVWU1IFRAQPUQVQEgQxVlNeQFhbV1ZUQldfXzsOAxUeFF5JWBYZEEoKFBINSQcJGk4NBhADEA4cHktXR1FbSQwSGg0%3D"
"R20","1","2.4k","Resistor_SMD:R_0805_2012Metric_Pad1.20x1.40mm_HandSolder","https://www.lcsc.com/datasheet/C17526.pdf?spm=wm.sxq.inf.ggs___wm.fly.bg.2.xh&lcsc_vid=R1dWBlIARlRWAwcARANWXwBSRAVWU1IFRAQPUQVQEgQxVlNeQFhbV1ZUQldfXzsOAxUeFF5JWBYZEEoKFBINSQcJGk4NBhADEA4cHktXR1FbSQwSGg0%3D"
"R21,R22","2","4.7k","Resistor_SMD:R_0805_2012Metric_Pad1.20x1.40mm_HandSolder","https://www.lcsc.com/datasheet/C2907264.pdf?spm=wm.sxq.inf.ggs___wm.fly.bg.3.xh&lcsc_vid=Q1RXV1xRRwNaU1JfRlhcX1YCQlELV1VRFlEPV1ZTRQUxVlNeT1FXVF1RTllaVzsOAxUeFF5JWBYZEEoKFBINSQcJGk4dAgUUFAk%3D"
"SW1","1","SW_SPDT","Button_Switch_SMD:SW_SPDT_PCM12","https://www.lcsc.com/datasheet/C963206.pdf"
"SW5,SW7,SW8","3","SW_Push","Button_Switch_SMD:SW_SPST_TS-1088-xR020",""
"TP1,TP2,TP3,TP5","4","TestPoint","TestPoint:TestPoint_Loop_D1.80mm_Drill1.0mm_Beaded",""
"U1","1","ESP32-C6-MINI-1/U","PCM_Espressif:ESP32-C6-MINI-1","https://www.espressif.com/sites/default/files/documentation/esp32-c6-mini-1_datasheet_en.pdf"
"U2","1","USBLC6-2SC6","Package_TO_SOT_SMD:SOT-23-6_Handsoldering","https://www.st.com/resource/en/datasheet/usblc6-2.pdf"
"U3","1","AP2112K-3.3","Package_TO_SOT_SMD:SOT-23-5_HandSoldering","https://www.diodes.com/assets/Datasheets/AP2112.pdf"
"U4","1","TP4056-42-ESOP8","SOIC-8-1EP-3.9x4:SOIC-8-1EP_3.9x4.9mm_P1.27mm_EP2.41x3.3mm_ThermalVias","https://www.lcsc.com/datasheet/lcsc_datasheet_2410121619_TOPPOWER-Nanjing-Extension-Microelectronics-TP4056-42-ESOP8_C16581.pdf"
